NOME,NÚMERO
Luan,+5929568324
Rodolfo,+967430554810
Cristiano,+67036788337
Léia,+213429897073
Gabriela,+22694270640
Leo,+265971175082
Felipe,+59979731540
Gisela,+9716426332385
Deivid,+50672798708
Teobaldo,+687798793
Tâmara,+967909539261
Wagner,+2208871123
Miguel,+998295866648
Giovanna,+672652573
Mel,+8865269314800
Flávia,+36383983937
Betina,+258627100111
Lucio,+97408829344
Tainara,+264864568901
Teobaldo,+245032279555
Dante,+5015180039
Sérgio,+587103544027
Ariane,+967754432621
Augusto,+261135364076
Olívia,+8861712909590
Marta,+22311769885
Manoela,+233482324757
Filipe,+995062704376
Hugo,+672568398
Agatha,+900688116441
Allan,+304657783626
Isabel,+2670185382151
Cecília,+992264041828
Paula,+812082766149
Paulina,+826263124390
Talita,+255672345066
Estêvão,+51908778296
Demian,+258814435150
Lavínia,+33109200383
Juliane,+3530493913850
Isabelly,+355194929143
Thalia,+9705849845406
Franciele,+4555737596
Vinícius,+2340231226200
Sebastião,+24166153164
Violeta,+79621096761
Ariane,+40173024531
Isadora,+8509378719101
Cauan,+962861605165
Valentin,+3807796775006
Luis,+5015305822
Jonas,+4585216054
Antônio,+94656355813
Tainara,+9720375704009
Marcos,+421594263257
Rafaela,+9765687810238
Sophie,+35738858404
Vitor,+2697253444
Olívia,+963613015947
Mayara,+264698521592
Pablo,+247782526
Deivid,+995026585285
Juan,+423556974998
Giovane,+38648674396
Jean,+22629536777
Alonso,+3728402510569
Joyce,+94451518475
Isis,+35749601480
Suellen,+394850646413
Willian,+486481598169
Joyce,+883935882979
Eunice,+878389796797308
Noelí,+590308790410
Emílio,+25350489717
Heloísa,+50008580
Lívia,+237358073860
Emily,+689895563381
Gabrielly,+268264203311
Raquel,+383675532244
Ana,+25779707431
Rogério,+21676599575
Isaac,+5937708072058
William,+26602770799
Danilo,+22215023740
Gael,+256805775039
Silvana,+989227877976
Gilberto,+376660629039
Simão,+22941768746
Lidiane,+37490980825
Laiane,+382844615363
Ivan,+256333498608
Roberto,+441362879347
Tatiana,+22711391684
Naomi,+2259835504616
Heitor,+2542262060335
Hernani,+36939973407
Bia,+590404840329
Michele,+612041033546
Natal,+37153747277
Eloah,+469994768608
Silvana,+37162817855
Lucio,+50441275925
Milene,+208898786455
Alícia,+5015336810
Cristian,+391942617046
Sofia,+33159923837
Josué,+689427125892
Sophia,+243485921366
Fabiana,+22737482551
Isabelly,+41884277869
Noel,+68204989
Estela,+2341152235943
Giovana,+914723291601
Manoela,+233310750446
Evandro,+212066577244
Sarah,+244126770122
Afonso,+211120535470
Christian,+249786911404
Agostinho,+5952586867018
Joyce,+2675379129050
Simone,+681618706233
Isaac,+823284536668
Cynthia,+40083156790
Cléber,+29047692
Tainara,+594841030776
Angélica,+35791968468
Alessandro,+80888944498
Giovana,+50467263084
Fátima,+3532363872404
Iasmin,+23245079315
Fabiano,+5981003420231
Raquel,+2913522317
Kauan,+641809302164
Miriam,+2383024984
Diego,+22846311335
Reinaldo,+22922695276
Mauro,+527364900150
Estêvão,+569988902341
Otávio,+34824764432
Luísa,+395808095047
Thaís,+863008029597
Elaine,+3754532236728
Laís,+2635087995595
Mirella,+689032324588
Leonardo,+6798745818
Vicente,+38931966200
Sheila,+3531342381482
Fabrício,+996462905913
Diego,+6747995904
Bianca,+23000165857
Nicole,+96506662359
Théo,+51464328886
Valéria,+385285365369
Thiago,+2919160050
Ellen,+99321974012
Wilson,+9662338012929
Vinícius,+2201072402
Ziraldo,+88807898230495
Michael,+649514996784
Estêvão,+672465701
Wesley,+22689850276
Miranda,+435380688899
Valentin,+996834777495
Mila,+23560552451
Júlio,+6734211518
Ruth,+6885113059
Gian,+212506531569
Christopher,+6926655152
Emanuel,+992774344837
Emília,+9719163414880
Théo,+590504236688
Christopher,+6749937982
Emanuelly,+8502453637300
Rodolfo,+9709787682835
Diego,+9723676329378
Marco,+5922028105
Melissa,+308636103949
Pérola,+245450740441
Simon,+387048131022
Evandro,+265153734909
Cláudio,+88807361466085
Santiago,+994441633291
Alessandro,+6918511816
Emanuel,+849904023719
Lia,+6768139931
Bernardo,+9716260493232
Heloise,+13988229784
Francisco,+9772017139399
Eloah,+247030778
Guilherme,+37487754993
Renan,+23525258606
Márcio,+423068105560
Irene,+270824485623
Ohana,+996004550695
Diogo,+22829610820
Andréia,+2341613224556
Paulina,+231068167337
Mateus,+25332470197
Denis,+8566632566974
Erik,+596067393547
Wagner,+6884428756
Regiane,+9772452667124
Hugo,+385748004775
Débora,+8565612269703
Luna,+22857822660
Agustina,+967748951518
Máximo,+255909400202
James,+9727445675542
Rafael,+5011347389
Franco,+50010997
Juliane,+6883837850
Reinaldo,+35761577771
Cláudia,+383987534173
Igor,+24152929142
Thomas,+488782028674
Luciano,+2391182228
Nádia,+22754491925
Anita,+549554498545
Tatiana,+644824915730
Afonso,+672993868
Vitória,+40497674095
Vitória,+355537945705
Thales,+202859357323
Paola,+608055803324
Thalissa,+38907263573
Cléber,+23224074964
Maicon,+421714032595
Deivid,+250898106290
Noel,+618774055599
Stefany,+224449189218
Jorge,+35666613450
Saulo,+813049304663
Eric,+951377081743
Ornela,+261794605940
Bia,+2382220535
Melina,+852049190290
Filipe,+8861369536903
Benjamin,+995865967980
Noelí,+213859270968
Denise,+204857259360
Cristiana,+34686051100
Júlia,+97351092053
Enzo,+265008912747
Jasmin,+420888921643
Daiane,+2972857736
Suelen,+2970350183
Maximiano,+2636824163231
Adriano,+8860488570775
Camila,+35602586689
Jácomo,+968852805533
Jennifer,+251304880453
Thaís,+37082187820
Alexandre,+420288166381
André,+596547253628
Filipe,+314361796876
Jefferson,+421900268566
Maurício,+2250910930450
Mary,+233959223194
Márcio,+2382582675
Analu,+3523643182382
Laiane,+249036309388
Otávio,+96100686583
Bruno,+258916369525
Paulina,+464240640007
Edilson,+249469874239
Thomas,+3811474568796
Eduardo,+5922865294
Laís,+255516897572
Eunice,+73242285543
Fábio,+50420101621
Fabrício,+596496352342
Otávio,+3725779269565
Sarah,+2344166155730
Wellington,+385832315184
Gael,+609864299209
Renan,+6907609104
Allison,+3580342870518
Raysa,+9702040487061
Victor,+260941516914
Lia,+387605290961
Michelle,+9660448038336
Kléber,+94418871979
Moisés,+881288432140
Jéssica,+6799180864
Victor,+3757983387672
Vitória,+35665163765
Sofia,+6795998695
Tâmara,+8822880832030
Ítalo,+467837155909
Constância,+262507927093
Bruna,+231853848338
Robson,+55549838501
Giovane,+50971435725
Silvana,+2541007767361
Alessandra,+55292324342
Dayane,+218339570154
Ítalo,+2487753272
Wilson,+2913694795
Lúcia,+22866846621
Adriana,+2340111660340
Jéssica,+382638272657
Antonella,+462566355375
Patrícia,+531095170621
Isaac,+96130617465
Roberto,+21632804941
Enzo,+22264437099
Eloá,+21635994273
Márcia,+50247770221
Breno,+97522435958
Julieta,+256337102627
Camilo,+883708589274
William,+22952949829
Alana,+6882983379
Jácomo,+265132170445
Mia,+689980219348
Giovane,+437653710416
Melissa,+268522883612
Alma,+50412703737
Ornela,+249624526505
Verônica,+5010145602
Gilberto,+660225010634
Melissa,+6747240925
Jéssica,+846722205374
Marina,+237531369368
Teobaldo,+420244497168
Abgail,+85322359826
Melissa,+2670173044327
Tábata,+962001397579
Malu,+50514138800
Sara,+23584936465
Luísa,+423711400227
Karine,+8860453156678
Francisco,+2693382570
Kevin,+6859995914384
Jefferson,+953229825874
Luciano,+868232962382
Carla,+423586036295
Sophie,+9667429427594
Fábio,+249884781424
Roberta,+250420969743
Gilberto,+318194342459
Marcos,+5976344279
Maya,+354376646977
Márcio,+963131244127
Ana,+531048869971
Fábio,+992610024500
Carol,+6908049620
Natália,+596596592279
Mia,+2977852215
Natal,+23066525388
Gabrielly,+24158153788
Paloma,+23278094633
Mel,+35040315251
Cristóvão,+2632017605086
Alana,+6735008403
Lilian,+2250729444677
Marília,+8501841329755
Emiliano,+653864171657
Andréia,+351741257144
Wagner,+420128921077
Luan,+9669518668575
Tomás,+6880023628
Márcio,+250362577672
Jefferson,+22224689086
Jaqueline,+3789580752525
Carolina,+271012359476
Elizabeth,+50566639696
Louise,+308332252508
Sueli,+423165364388
Afonso,+3582976035838
Inácio,+231948055149
Elaine,+22237311178
Malu,+23635501666
Stella,+50023399
Saulo,+2678663646549
Denis,+2910163724
André,+432749052446
Eduardo,+265492671153
Kléber,+996318396184
Lucas,+916748808242
Irene,+244165401119
Dener,+97442967098
Manuela,+672103154
Danilo,+573225730182
Letícia,+2547036815966
Christopher,+624238137906
Wilson,+6762318679
Vinícius,+979510975723
Mary,+996145914618
Sarah,+9604746947302
Dante,+4723660134
Joaquim,+3729329747960
Paola,+2255313630906
Renan,+6926964782
Miranda,+2486879530
Aaron,+659104530013
Gabrielly,+3783341850250
Suzana,+243024537336
Gisele,+9773642272150
Théo,+664230435074
Natália,+262608203777
Bruno,+22331008713
Maximiano,+24147313453
Márcio,+2970139442
Teobaldo,+3729470570152
Deivid,+968811936539
Taís,+968308460843
Wilson,+354901094643
Cristian,+23009679581
Fabrício,+298636522
Bia,+493401317094
Andressa,+911331151834
Cláudia,+97535009874
Ian,+6851204599755
Yohanna,+24194113077
Denise,+881523058995
William,+992880838353
Renan,+250149071015
Eduardo,+264434424657
Sônia,+433844034130
Manoela,+99375482679
Sueli,+3531995825623
Bruno,+5983746628741
Wilson,+23290283477
Regina,+21620294084
Alma,+687096581
Sandro,+543630564664
Davi,+33779748053
Fábio,+689845114504
Letícia,+2207304871
Gabrielle,+2462265804
Jerônimo,+23517081474
Heloísa,+22997470520
Franciele,+314562691832
Denise,+245590120598
Yohanna,+5019118712
Horácio,+258342955575
Adriano,+6801075001
Paola,+209081554810
Heloise,+6779354190
Mary,+37352536587
Joaquim,+878064056652251
Andres,+355447003101
William,+262122554544
Cezar,+50568834204
Thales,+6831136849
Ícaro,+5927032569
Paulo,+51407644342
Michael,+883516731151
Isabel,+430944184129
Louise,+818556754633
Hernani,+243818449292
Heloise,+6889822091
Juliano,+96527435807
Richard,+25749192297
Ohana,+383316743100
Nelson,+3803104937163
Tessália,+22814621652
Ian,+996411780368
Allison,+211975386736
Laura,+9715900155613
Arthur,+211964119740
Gean,+2208859974
Gustavo,+35084999950
Maya,+3580186892624
Victor,+2258123207194
Ellen,+5931106302717
Horácio,+8562666784114
Joaquim,+25374599191
Caio,+3533156130412
Reinaldo,+5970777650
Christopher,+537313640933
Inácio,+243290962249
Milena,+249512252051
Janaina,+430086642198
Paula,+508109136535
Lia,+6855948481283
Andréa,+9719909293118
Pedro,+41706732687
Stephany,+3788136020318
Tessália,+38962713260
Tatiane,+8820376579965
Rosana,+50593759110
Sebastião,+660771072386
Sarah,+6798089904
Teobaldo,+661737287781
Lúcia,+420016361952
Jéssica,+262897836487
Gisela,+9605169771051
Raissa,+265942359712
Rodolfo,+247750374
Louise,+672342059
Jean,+2670952861260
Agustina,+9669962885135
Renata,+21695285841
Lucas,+6925967260
Cauan,+50320413727
Christian,+37129816103
Raphael,+870743228590
Rodrigo,+36017298062
Ícaro,+299181690
Alana,+99370024799
Caio,+822638322196
Yasmin,+97367626850
Jean,+32196200030
Mirella,+846537198224
Cléber,+80084133135
Tainara,+211089237573
Késia,+815461818479
Daniel,+6854189252051
Robson,+37156483587
Emiliano,+958083491547
Sabrina,+2252762443573
Juliano,+645925593302
Caio,+23526610351
Marília,+661251486322
Gabrielle,+237058377366
Augusto,+8504199010225
Késia,+529854724056
Antônio,+221630180354
Thiago,+231351668789
Elias,+596752665653
Matias,+2388000472
Mary,+211708261661
Noemi,+22600571698
Maximiano,+814613152800
Noel,+423811064199
Murilo,+35010241809
Demian,+231225692403
Fabrício,+2348258236189
Tábata,+80006068517
Mila,+9609377941688
Sandro,+2392498634
Andréa,+23016872162
Gabrielly,+94791409119
Emiliano,+464882225992
Sebastião,+2384712016
Hugo,+37460994487
Tâmara,+51607548377
Alice,+883814389892
Evandro,+298109525
Samuel,+963731851993
Alice,+80831221398
Gisela,+68273650
Mateus,+244402998869
Silvana,+298571938
Fábio,+252768688983
Edson,+298852338
Samara,+995768202348
Sheila,+80025717247
Verônica,+995663862022
Cristina,+5923522813
Emília,+3781281435307
Isis,+464227319633
Elizabeth,+40506705803
Augusto,+252953139695
Mary,+242369237893
Alana,+80858371252
Wagner,+681336571696
Leo,+23682881820
Eliane,+382162342077
Cristian,+93345885343
Teobaldo,+264905296042
Paulo,+6798438843
Martinho,+68632003003
Michelle,+824222518617
Jéssica,+9772096079714
Milene,+979133606015
Robson,+213735716037
Cristóvão,+396799918531
Jéssica,+810872455801
Reinaldo,+4547644180
Noemi,+8568910375384
Dayana,+387121709626
Gisele,+233266200191
Nelson,+96537170680
Rafael,+311767525958
Jerônimo,+23577773128
Tessália,+319715986508
Rodrigo,+9779222987170
Francisco,+630646448097
Cláudio,+37317331444
Alessandra,+22371959739
Rafael,+25718844987
Adriano,+9666312060788
Yuri,+6781493557
Fátima,+252842805997
Violeta,+50470569618
Abgail,+878955644510386
Madalena,+866844642961
Denis,+394301056649
Suzana,+564911908058
Mila,+22756268566
Emanuelly,+262789014314
Denise,+8868624261082
Júlia,+6905643683
Tiago,+5950424130095
Alexandre,+299893961
Lorena,+385836987395
Maya,+37322069849
Santiago,+848643524403
Joana,+94391633003
Ivan,+596717409106
Ester,+962780749467
Anderson,+607271601289
Denise,+852104546371
Maraisa,+85326654168
Máximo,+6780140055
Santiago,+594759656511
Vinícius,+390843325927
Yohanna,+22617229403
Edilson,+434853583262
Francisco,+461802922794
Walter,+633617448345
Alessandro,+5972145665
Henrique,+205564090229
Andres,+3782104445378
Estela,+50375450538
Alexa,+22982560175
Sérgio,+6800770277
Julieta,+50595357827
Emanuel,+668720392140
Cléber,+460577031598
Sara,+596834516285
George,+672766203
Willian,+5978944007
Allison,+590135663474
Fabiano,+596084191720
Bianca,+23653592665
Téo,+8567336963339
Daiana,+35732090227
Micaela,+387409432579
Ícaro,+252105054474
Allison,+3722988583641
Aaron,+242116140913
Carol,+5975590400
Daniella,+6855723416458
Clara,+242065850795
Santiago,+50090129
Daniel,+2463699424
Stephany,+6923779367
Alma,+3804692039079
Franciele,+25746085061
Walter,+96186258346
Laura,+211130784180
Benício,+8502746912449
Edilson,+852895074299
Karina,+2698470337
Agostinho,+6900574920
Richard,+213149770552
Lavínia,+594965900408
James,+298427508
Alonso,+250010721540
Felipe,+376525470040
Sabrina,+661776201447
Ornela,+499648766415
Tatiane,+2380974876
Andres,+5932824947301
Joaquim,+21662518111
Lara,+963319936518
Renan,+97546164794
Renan,+38929324256
Stephany,+687150052
Nathalia,+8868925072285
José,+268155206547
Maísa,+6796230714
Simon,+596714535088
José,+99396754856
Noelí,+909760586447
Marcelo,+67514679552
Suzana,+252046058781
Analu,+237426239462
Juliana,+420674301860
Matheus,+927892242192
Natal,+85383768344
Natal,+952825135509
Maicon,+385654435187
Antônio,+203275053098
Maísa,+5015628396
Elizabeth,+67544382336
Malena,+562955036680
Wagner,+672733874
Fabrício,+212236831210
Karine,+97407653577
Maya,+231071668200
Ellen,+50611077417
Andres,+68297101
Yuri,+467920921852
Ian,+2256740150886
Jaqueline,+5927428070
Carlos,+237346285114
Vitória,+68219811
Renato,+5928714962
Luísa,+9643207431220
Gael,+67571177944
Iasmin,+50597743705
Alice,+23239586991
Marcelo,+2674230967923
Regina,+268244197825
José,+3524361050158
Karina,+249440113089
Regiane,+2207991500
Hugo,+5011354318
Nelson,+97432259840
Josué,+6882716964
Nayara,+9603633611566
Rayane,+492195692734
Silvana,+50025590
João,+903071995870
Constância,+9704727350991
Benedito,+3780911048172
Adriana,+25774049758
Ricardo,+383644443616
Manuel,+5980872332453
Luna,+467819475800
Henrique,+998277796606
Regiane,+2671403680686
Jean,+25375955710
Alice,+23565973475
Leonardo,+21684729031
Sergio,+260020885171
Samanta,+596322437150
Camilo,+22726874713
Jorge,+986172681005
Murilo,+2259990361315
Robson,+94614590708
Anita,+979975287533
Ziraldo,+242361768586
Saulo,+22387392805
Taís,+258800861721
Samuel,+244638484042
Dayane,+868293841727
Ítalo,+23289481290
Santiago,+420708905721
Bianca,+68671629444
Danielle,+23674477186
Fabiana,+578139291351
Eric,+224528618347
Juan,+23074561592
Miguel,+883594804886
Emilly,+276945299572
Maurício,+968995546308
Arthur,+423869447152
Graziela,+97459958016
Pietra,+499782272217
Sérgio,+2480016529
Cezar,+6807446605
Ivan,+957507368360
Iasmin,+9767029418227
Allan,+6731320265
Lucio,+22305291473
Mia,+22272613196
César,+8800482388881
Ariana,+25303373317
Ariane,+917860569938
Lívia,+613272339890
Manuela,+260745289734
Danielle,+261759600413
Tatiane,+376314721385
Luciano,+5983185618968
Luis,+642309234808
Bernardo,+268130710569
Sebastião,+23533733102
Simão,+6786699764
Josué,+55757431048
Sandro,+37419626249
Raquel,+998055780081
Vitória,+2971599980
Sabrina,+252021465060
Hortência,+9761492454710
Otávio,+85397628432
Josué,+245167972008
Noemi,+594107961620
Márcia,+979838717189
Simone,+97300690638
Maicon,+9778084546841
Natal,+37099141224
Inácio,+2484975545
Cláudio,+601484174909
Taís,+672023658
Manuel,+3526069427827
Wellington,+3787760543905
Natan,+33475101079
Diego,+520610116260
Tiago,+35711979447
Thales,+34848734170
Emily,+261371517403
Juan,+268085731825
Giovane,+85318335843
Laiane,+9700641025912
Juan,+35021357273
Robson,+37374703521
Lorena,+6761759131
Eloá,+901319833928
Mateus,+9664059876820
Renato,+213296814120
Esther,+298689792
Walter,+3757580771865
Luísa,+6736752409
Regina,+312382706234
Gabrielle,+22787785374
Gabriel,+9712737131274
Christopher,+68673114753
Lia,+5984743389634
Natália,+97372866053
Cynthia,+278947456298
Maicon,+35036711793
Michael,+6851534929096
Luan,+255131642479
José,+979998531358
David,+827661939848
Emanuelly,+278897163418
Roberta,+6885150992
Alexa,+967491142560
Bruna,+251677156815
Mila,+823759792817
Gabrielle,+387379488551
Wagner,+6928050590
Bianca,+50215351458
Adriel,+995097357521
Marcelo,+986064314660
Júlio,+80020704640
Luciana,+37043668679
Francisco,+96546123853
Benício,+423455570375
Rodrigo,+3810985147079
Wilson,+5010142296
Martinho,+5938794053310
Estela,+992297614329
Matheus,+22820296793
Jaqueline,+250501416054
Lívia,+38636789181
Vitor,+298238768
Agostinho,+50649905614
Tessália,+494142608997
Teobaldo,+40200754220
Máximo,+6777573368
Daiana,+249543664958
Alícia,+251960447861
Viviane,+9641108778203
Gael,+38699334742
Joana,+268131070127
Renato,+209878297217
Ivana,+376694364050
Carlos,+211048381989
Laiane,+870607264269
Ronaldo,+256762425171
Alice,+317347389192
Edilson,+37435765437
Cristóvão,+432328528812
Andressa,+672616798
Pérola,+617187099982
Bia,+548791273532
Martinho,+243394952511
Clarice,+2632858760814
Maximiano,+904851154674
Arthur,+245493481216
Breno,+67006966976
Denis,+25703759251
Milene,+6837827543
Benício,+625617953814
Davi,+51292428044
Bella,+444749259012
Danielle,+22377437819
Ana,+96102004809
Richard,+298606405
Artur,+233224971549
Gabi,+881149058216
Josué,+650483023709
Gilberto,+35068738047
Flor,+994388832502
Camilo,+35088872391
Fábio,+252047042518
Bernardo,+224410670132
Emanuel,+5958554578229
Silvana,+2252400909698
Regina,+423605937306
Aparecida,+2698510725
Suzana,+67073616908
Walter,+870650252958
Ícaro,+26603391605
Ketlin,+2695576978
Sandra,+51929604626
Fabrício,+681409711689
Antonella,+354402105594
Vitor,+866785500992
Valentina,+50090074
Stephany,+265366050243
Ketlin,+38922425692
Paulo,+2387042222
Willian,+23063601568
Moisés,+959212411180
Yohanna,+51630278455
Emílio,+436488029101
Thalissa,+6880477221
Agostinho,+37328057022
Daniela,+844129061022
Evandro,+618498567262
Filipe,+982463921505
Daniele,+237355214104
Lúcia,+2341249859341
Madalena,+35043342469
Maurício,+38635398521
Samara,+2547307013879
Giovane,+681279978589
Miguel,+9663736038168
Evandro,+420940372334
Teobaldo,+443224244798
Christopher,+243970146604
Jaqueline,+883967363185
Demian,+608343010166
Francisco,+385681594744
Silvana,+94407034998
Christian,+2393745990
Sueli,+35783375443
Denise,+596842082180
Thomas,+2914018066
Josué,+659682880449
Evandro,+261582850195
Elaine,+687068368
Tomás,+821035698200
Caio,+21648695731
Gabi,+38920040485
Máximo,+37449757645
Carla,+35034369919
Suellen,+354300184096
Christopher,+822559687034
Sérgio,+996005245719
Giovanna,+237719374958
Flávio,+2482807136
Milene,+6737234905
Tomás,+93610771621
Bella,+50547880719
Simone,+51332719216
Thomas,+258761016250
Artur,+6839256097
Cláudio,+16040713853
Juan,+351904312199
Sabrina,+2915591438
Lucas,+271190014330
Sônia,+5079959889879
Estêvão,+50578303755
Luísa,+6852544172548
Ohana,+96538394253
Elizabeth,+204325100096
Joana,+6739633468
Daniela,+80086109849
Cristóvão,+604056509611
Rafael,+265993026970
Verônica,+2543516469165
Fabiana,+38993775971
Sebastião,+998482525499
Benício,+672868724
Wagner,+590347309701
Emanuel,+22814264607
Maicon,+99315166496
Elis,+962393202030
Késia,+38632676818
Alice,+260868532415
Thalissa,+878697818209634
Sophie,+22996821189
Ana,+883818031148
Jaqueline,+262058504886
Christopher,+22948754380
Manuela,+656275750989
Gian,+68605688309
Roberta,+9640193604340
Tessália,+8559104952185
Natal,+992158984902
Rayane,+38949186618
Antônio,+251174265126
Allan,+37162892832
Regiane,+273388106395
Júlia,+998868881430
Manoela,+2467368753
Miguel,+382603989275
Cristiana,+351317530555
Thalissa,+5958840650509
Maiara,+11468977332
Luiza,+2693340035
Thiago,+24199969947
Danilo,+80877259822
Bárbara,+94235836789
Yasmin,+24183761932
Camila,+992165408639
Cristóvão,+5986668462097
James,+237693007256
Paola,+2393234680
Willian,+924322067728
Mateus,+37443611199
Bianca,+929557204649
Ana,+543246055247
Josefina,+221425093414
Thaís,+3813920464350
Augusto,+2915616715
Rodrigo,+8559552823376
Alícia,+35775871271
Cynthia,+2917791774
Lucio,+6791736084
Felipe,+992105700707